AA,PC1,PC2,PC3,PC4,PC5,PC6,PC7,PC8,PC9,PC10,PC11,PC12,PC13,PC14,PC15,PC16,PC17,PC18,PC19
A,0.24066384742087418,-5.659693734212329,16.599203076407218,1.3097949561732984,3.3587565536250814,1.9574310258597614,3.656902722853873,0.6627086148591116,3.5448467293745827,2.280155512562255,-0.825385082941671,1.6956191074545355,-1.8709947931211857,-1.795620278840095,-4.624794939509414,4.865165649995215,-2.5487151545951727,-2.4480332561983054,-0.721120002837745
R,-8.175186369473613,15.780858051446051,-1.112619262177482,0.4244890854752074,-8.777147893560969,-8.281651787808524,3.2240499230410236,5.524673141417424,-2.2218510939439575,5.846545601385166,-5.480146085485673,-2.2087679573023915,2.2867795277902796,-0.07716995296009008,-1.5221918095074969,-0.27950208838483004,0.025629571150108284,0.03193169175825551,-0.3770306938559481
N,-15.225239891019056,0.047932589579983705,-4.124878352673217,-5.722295080397383,-1.9431521714500237,3.160409222539731,-2.625621226609828,-5.522366181432306,-0.1265466434943102,-4.788495578177048,-2.0699480796291363,-2.140822220840542,4.798142757795625,3.7267342942889488,-4.803544704453222,0.4946072292483086,1.1341017129962978,-1.9226287397727173,1.9634293264484721
D,-18.353467989973893,2.9340346325772897,-0.038343090072366255,-2.013035982306189,5.910450550347394,5.475429725958881,-9.028241483968337,1.4021128977046802,-2.0490134963281226,1.3710997828545086,-1.2736482171068066,-1.4736228203700044,3.2876774639407538,-5.744850091534556,2.7722501383095524,0.33919586417749603,-3.1253733626336526,-0.09577349311649319,0.0962747742695829
C,8.222843193810014,-8.194821816409593,-7.137235317851962,-14.957017737863618,10.51231840271729,-8.49557515473071,1.8124387957732466,5.003456069715572,-1.3075950043221818,-4.16310516781006,-2.4604386440423256,0.5891767020792413,-1.315586665008404,0.40010247542693483,0.7680497343338337,0.5231489915952446,-0.03751854404918085,-0.6456117482416515,-0.5726639341136347
Q,-7.867675634628649,9.07602717923577,1.827680124910269,-0.35157096714858344,1.470355194253729,-2.4901219979030382,1.1344037146180241,-0.44656585584874936,0.46278151793721845,-0.3605135132721529,5.92437074839287,-3.6538672935749505,-2.1647956341278345,4.825405123361897,0.7097513895004653,-1.6704381746660086,-6.587230743975919,0.5760003218306816,0.07661839025463484
E,-12.058054880866376,11.669599326113387,11.278427001230762,2.802910909006574,8.313613574599767,3.5150335889209634,-4.805804948786778,3.305696675390381,-2.6644344062106975,1.1018335010043339,0.07949936179831253,2.4249507215001778,-3.4836634582423036,4.02373401664965,-0.4413802931367987,-1.0866215419805405,4.779480704682557,0.782781190082978,-0.4209094265947488
G,-16.404901187801546,-21.593461636504664,1.4058083342048047,-5.276889954049369,-8.113453005934916,9.225328286159474,5.809173297759738,4.253510380685099,-3.6831056401883737,1.880476167043692,1.3964992311786955,0.40077345634150874,-0.4520507135007326,1.1799294926099795,1.8042489361243377,-1.498199969364487,0.4073697030484147,0.031239850280433187,0.01964178924972828
H,-0.32930562313104245,8.34848250352378,-4.903228442934692,-4.586996096585339,0.9373596019507691,0.7175895985637735,4.2719171308016035,-9.329191924688192,-3.1121855340623417,2.9973171020078127,-1.798455061030743,8.193618852240787,-1.1121971322139756,-0.943468624964624,0.6188479041152669,-1.7971791903308314,-1.434072801866643,0.2862864828905017,-0.4876074357245748
I,20.674129755802028,-5.865712858513275,2.7753309285104377,3.8193511673585325,-2.7603049516501077,-2.0094966394725744,-4.013843713299488,-0.009658360646265041,-3.9094917073578404,-1.251505901451548,3.5142479145712135,1.4236211976618776,4.879615956629549,0.7123666242815704,-1.502156953444078,-0.8151257520368301,-0.06547110269181702,-0.214835594378123,-5.449729763548039
L,17.90249830296109,-3.266667204800438,11.474198681825078,6.582298908637994,-1.4027275618621415,1.8987092316588248,0.40278169709882633,-0.8865619205386779,1.6335919603389932,-4.810411896313676,-7.286483914048618,-1.8597715772738104,-1.3991502513455423,-0.3290423275701323,1.7356258143437515,-5.251219036598111,-1.321607057153721,-0.9030437337605363,0.6246779566311661
K,-11.693940511387991,13.413683614641103,5.794685498068512,1.722039937781328,-6.102149735719835,-2.0258015986571607,4.588978122511415,1.1381017632843957,1.036314213759718,-8.918282687002772,3.3868899262497982,2.445482415862679,1.007815713508609,-2.7691591179399264,3.150319415584089,2.532180962583782,1.642009378971289,-0.006485944536305837,0.14886805410637782
M,16.1748305282021,4.7605434312331685,3.1780613579676236,-2.29925281022106,6.945059549890794,1.9684904609095013,7.026278908301172,-3.4501597803106687,-1.6438627376418773,2.928376387014691,4.051557767069674,-6.848073056941436,1.6950582237686076,-3.187078503821764,-0.26594853021062964,-1.2648816668568421,3.373258813794026,0.10823590046473873,0.942159032923318
F,19.441052215722635,0.4642759819895529,-3.9881594026874465,2.537281935019183,-1.1799767423053154,4.132039528346385,-0.6080239521217103,-2.406717507681442,-1.2231610256216403,1.3304606151033793,-3.461497027229852,-2.153509295118824,-0.03767686019477225,3.8638472974162554,4.491291473786394,6.6105819633998735,-0.024105331442949005,1.5906264303244442,0.07304864170996773
P,-16.816701121719948,-11.219759951482219,-14.556461364270163,19.034938348204165,7.438403478086152,-3.780853277114127,3.7542244823536084,-0.07407835444765848,-0.7941886462122676,-0.6180717612091152,-0.3067132117871955,0.31894176681861314,0.32930456086545695,-0.20116264246858892,-0.5042517432074634,0.12364250949281845,0.23822718054431072,-0.13549398540410287,0.33487370743227296
S,-12.651824913994732,-8.06425248149757,1.3620238910508087,-3.426874923159363,-2.244941184497635,-2.883000629192453,-1.7999401599018823,-3.416153890442004,6.239889761498356,-0.099147279358398,-1.1097056794880367,-1.9040513259346736,-1.689106545074336,-1.4532692426419689,-1.4691762680412186,-0.26213034855511524,1.172589793637086,6.233164139577993,-1.947831931583965
T,-4.9305040195516225,-6.012165420510979,0.1854928567421535,-1.423458821381282,-2.6769930771461983,-6.243154450671273,-4.1313987321694645,-2.7219849118863277,7.10424330224593,4.665510539636447,2.0805773990370455,0.2796543158444059,-0.0029846624312508735,1.0034725478740822,4.097677300296512,-0.8053382420500061,2.424200459969619,-4.370078591195839,-0.1182430449942807
W,17.594701990163127,8.797000906059086,-13.15977429572754,-0.09629552052010776,0.8996852240715788,8.598417612228557,0.8725223564231345,6.083014409914452,8.029039967062749,0.7690225976345182,1.2250784520170337,3.3484957364930166,2.3386735948706447,0.3865847812522877,-1.352974762770556,-1.4446261527763913,-0.2948508657382121,0.7439520492228345,0.6150806290716508
Y,8.306170853151368,3.2964477117207798,-12.994878467511429,0.3899788285278808,-7.434442094319722,1.957701169129787,-4.84080939299279,-0.18729583352395954,-2.6771911064073657,-1.42491350904655,1.4531462713856773,-2.3216947034861266,-8.10727449216117,-2.9688959980363694,-2.527096141332962,0.4898367831199108,0.6154893575825893,-1.8059266808244345,-0.3077371931220448
V,15.949911456315231,-8.7123508241889,6.134666244988643,1.5306038174481371,-3.1507137110956775,-6.396923914725793,-4.699987541685391,1.0774605684751415,-2.6380804104265794,1.263649487394526,2.9605539310897395,3.443845978545924,1.012413408251967,-0.6524598723834827,-1.1345459607803734,0.1969022099873586,-0.373411712229032,2.163693710995651,5.508201124277799
